{"mean": [0.8105906313645621, 0.6354378818737271, 0.7291242362525459, 0.2219959266802444, 0.1364562118126273, 5502.645621181263, 1676.4886354147454, 148.5197240048333, 340.33079934131746, 0.8440668168947937, 1.0366598778004072], "scale": [0.39183345914886175, 0.48130715780420136, 1.0080869780120418, 0.4155884204566147, 0.3432723613551995, 5926.9066141545145, 3174.4039626672684, 86.1941202704292, 66.8071433198249, 0.34705084277820103, 0.7808034430634776]}